name,link,img,subtitle,version,last_update,count_download,rate,count_viewer,volume,type,category
Ø§Ù„ÙØ¨Ø§ÛŒ Ù…Ù‡Ø±Ø¨Ø§Ù†ÛŒ Ø› Ø¢Ù…ÙˆØ²Ø´ Ø§Ù„ÙØ¨Ø§ ÙØ§Ø±Ø³ÛŒ,https://myket.ir/dl?packageName=ir.amehrabani,https://myket.ir/app-icon/d75b3c52-e0cf-44c2-9988-7e2e24e27d0a.png,,Û².Û¸.Û³Û¶,Û±Û´Û°Û³/Û°Û³/Û²Û¹,Û¹ Ù‡Ø²Ø§Ø±,Û´.Û´,Û±Û¸,Û´Û± Ù…Ú¯Ø§Ø¨Ø§ÛŒØª,Ø¨Ø±Ù†Ø§Ù…Ù‡ Ø§Ù†Ø¯Ø±ÙˆÛŒØ¯ÛŒ,Ø¢Ù…ÙˆØ²Ø´ÛŒ
Ø¢ÛŒâ€ŒÙ‚ØµÙ‡ : Ø¯Ø§Ø³ØªØ§Ù† Ùˆ Ú©ØªØ§Ø¨ ØµÙˆØªÛŒ Ú©ÙˆØ¯Ú©,https://myket.ir/dl?packageName=com.ighe3.app,https://myket.ir/app-icon/com.ighe3.app_2b83da58-3ea2-4917-a5e5-5d3832dbebc7.png,,Û².Ûµ.Û³-myket,Û±Û´Û°Û±/Û±Û²/Û²Û³,Û±Û· Ù‡Ø²Ø§Ø±,Û³.Û´,Û´Û¹,Û±Û· Ù…Ú¯Ø§Ø¨Ø§ÛŒØª,Ø¨Ø±Ù†Ø§Ù…Ù‡ Ø§Ù†Ø¯Ø±ÙˆÛŒØ¯ÛŒ,Ø³Ø±Ú¯Ø±Ù…ÛŒ
Ù…Ø§Ù‡Ú© Ø› Ù‚ØµÙ‡ Ùˆ Ú©ØªØ§Ø¨ Ø¯Ø§Ø³ØªØ§Ù† Ú©ÙˆØ¯Ú©,https://myket.ir/dl?packageName=com.dabestaniha.mahak,https://myket.ir/app-icon/com.dabestaniha.mahak_2718b4fb-b8c8-4fef-a583-b1598cb8ccbe.png,Ø¬Ø°Ø§Ø¨ØŒ Ø¢Ù…ÙˆØ²Ù†Ø¯Ù‡ Ùˆ Ø±Ø§ÛŒÚ¯Ø§Ù†,Û².Û¸.Û³Û¶,Û±Û´Û°Û³/Û°Û¸/Û±Û³,Û²Û°Û° Ù‡Ø²Ø§Ø±,Û´.Û²,Û´ÛµÛµ,Û³Û´ Ù…Ú¯Ø§Ø¨Ø§ÛŒØª,Ø¨Ø±Ù†Ø§Ù…Ù‡ Ø§Ù†Ø¯Ø±ÙˆÛŒØ¯ÛŒ,Ø³Ø±Ú¯Ø±Ù…ÛŒ
Ú¯Ù†Ø¨Ø¯ Ú©Ø¨ÙˆØ¯ - Ø³Ø±Ú¯Ø±Ù…ÛŒ Ø¨Ø§ Ù‚ØµÙ‡ Ùˆ Ù„Ø§Ù„Ø§ÛŒÛŒ,https://myket.ir/dl?packageName=com.itbarbod.gkabod,https://myket.ir/app-icon/com.itbarbod.gkabod_bdfd2d11-ab40-4f0b-a65b-8565aec23a5d.png,,Û±.Û².Û°,Û±Û´Û°Û±/Û°Û¸/Û±Û°,Û±Û¶ Ù‡Ø²Ø§Ø±,Û³.Û¸,Û³Û²,Û²Û· Ù…Ú¯Ø§Ø¨Ø§ÛŒØª,Ø¨Ø±Ù†Ø§Ù…Ù‡ Ø§Ù†Ø¯Ø±ÙˆÛŒØ¯ÛŒ,Ø³Ø±Ú¯Ø±Ù…ÛŒ
Ø´Ù†Ù„ Ù‚Ø±Ù…Ø²ÛŒ - Ù‚ØµÙ‡ Ú©Ø§Ø±ØªÙˆÙ† Ø¨Ø§Ø²ÛŒ Ú©ÙˆØ¯Ú©Ø§Ù†Ù‡,https://myket.ir/dl?packageName=ir.zigool.shenelghermezi,https://myket.ir/app-icon/b3566baf-91c7-4cf5-b728-a179f67e03cd.png,,Û±.Û³Ûµ,Û±Û´Û°Û³/Û°Û·/Û²Û¸,Ûµ Ù‡Ø²Ø§Ø±,Û´.Û¶,Û¸,Û´Û´ Ù…Ú¯Ø§Ø¨Ø§ÛŒØª,Ø¨Ø§Ø²ÛŒ Ø§Ù†Ø¯Ø±ÙˆÛŒØ¯ÛŒ,Ú©ÙˆØ¯Ú©
Ø¢Ù‡Ù†Ú¯ Ù‡Ø§ÛŒ Ú©ÙˆØ¯Ú©Ø§Ù†Ù‡,https://myket.ir/dl?packageName=me.syncrex.kids.songs,https://myket.ir/app-icon/f3af7ce0-0b8d-4b0c-91e3-d755955df6b2.png,Ø¢Ù‡Ù†Ú¯ Ù‡Ø§ÛŒ Ø´Ø§Ø¯ Ùˆ Ø¢Ù…ÙˆØ²Ø´ÛŒ Ú©ÙˆØ¯Ú©,Û±.Û±Û²,Û±Û´Û°Û³/Û°Û³/Û°Ûµ,Û´ Ù‡Ø²Ø§Ø±,Û´.Û³,Û²Û±,Û±Û´ Ù…Ú¯Ø§Ø¨Ø§ÛŒØª,Ø¨Ø±Ù†Ø§Ù…Ù‡ Ø§Ù†Ø¯Ø±ÙˆÛŒØ¯ÛŒ,Ø³Ø±Ú¯Ø±Ù…ÛŒ
Ù…Ø¯Ø±Ø³Ù‡ Ø®Ù„Ø§Ù‚ÛŒØª ÙˆØ§Ù†Ø§ÛŒ,https://myket.ir/dl?packageName=vanay.app.ir,https://myket.ir/app-icon/vanay.app.ir_b38dcd91-9ad8-462e-adfe-555da5c3eb5e.png,Ø®Ù„Ø§Ù‚Ø§Ù†Ù‡ Ø±ÛŒØ§Ø¶ÛŒ Ø±Ùˆ Ù‚ÙˆØ±Øª Ø¨Ø¯Ù‡,Û°.Û±.Û·,Û±Û´Û°Û²/Û°Û²/Û³Û±,Û² Ù‡Ø²Ø§Ø±,Û´.Û¹,Û³Û¹,Û±Û° Ù…Ú¯Ø§Ø¨Ø§ÛŒØª,Ø¨Ø±Ù†Ø§Ù…Ù‡ Ø§Ù†Ø¯Ø±ÙˆÛŒØ¯ÛŒ,Ø¢Ù…ÙˆØ²Ø´ÛŒ
Ù‚ØµÙ‡ Ú†ÛŒ,https://myket.ir/dl?packageName=com.Heewa.Larastory,https://myket.ir/app-icon/com.Heewa.Larastory_ef2899de-d225-4802-9a56-408eca38e047.png,,Û±.Û°Û³,Û±Û´Û°Û±/Û°Û·/Û±Û±,Û²Û´ Ù‡Ø²Ø§Ø±,Û´.Ûµ,Û³Û°,Û¸Û° Ù…Ú¯Ø§Ø¨Ø§ÛŒØª,Ø¨Ø§Ø²ÛŒ Ø§Ù†Ø¯Ø±ÙˆÛŒØ¯ÛŒ,Ú©ÙˆØ¯Ú©
ØªØ±Ø§Ù†Ù‡ Ù‡Ø§ÛŒ Ú©ÙˆØ¯Ú©Ø§Ù†Ù‡(Ù‚ÙˆÙ‚ÙˆÙ„ÛŒ),https://myket.ir/dl?packageName=isoft.songskids,https://myket.ir/app-icon/isoft.songskids_8cc8dec6-3f6c-44ea-92ec-02e72d64766f.png,,Û±.Û³,Û±Û³Û¹Û¹/Û±Û±/Û²Û³,Û²Û°Û° Ù‡Ø²Ø§Ø±,Û´.Ûµ,Û²Û³Û±,Û³Û± Ù…Ú¯Ø§Ø¨Ø§ÛŒØª,Ø¨Ø§Ø²ÛŒ Ø§Ù†Ø¯Ø±ÙˆÛŒØ¯ÛŒ,ØªÙÙ†Ù†ÛŒ
Ú¯Ù‡ÙˆØ§Ø±Ù‡: Ø¨Ø§Ø±Ø¯Ø§Ø±ÛŒ Ùˆ Ú©ÙˆØ¯Ú©,https://myket.ir/dl?packageName=pr.gahvare.gahvare,https://myket.ir/app-icon/ee7fa1db-915b-4279-86dc-f7677ae8af69.png,,Ûµ.Û¶Û°Ûµ.Û±,Û±Û´Û°Û³/Û°Û¸/Û°Û±,ÛµÛ°Û° Ù‡Ø²Ø§Ø±,Û´.Û³,"Û±,ÛµÛ³Û´",Û±Û¹ Ù…Ú¯Ø§Ø¨Ø§ÛŒØª,Ø¨Ø±Ù†Ø§Ù…Ù‡ Ø§Ù†Ø¯Ø±ÙˆÛŒØ¯ÛŒ,Ù¾Ø²Ø´Ú©ÛŒ Ùˆ Ø³Ù„Ø§Ù…Øª
ØªØ±Ø§Ù†Ù‡ Ù‡Ø§ÛŒ Ø´Ø§Ø¯ Ú©ÙˆØ¯Ú©Ø§Ù†Ù‡,https://myket.ir/dl?packageName=com.mohammad.entertainment.kids_new_music1,https://myket.ir/app-icon/com.mohammad.entertainment.kids_new_music1_6ba3303c-9853-41ff-be88-3e2879fd1c88.png,,Ûµ.Û±,Û±Û´Û°Û³/Û°Û¶/Û²Ûµ,Û³Û°Û° Ù‡Ø²Ø§Ø±,Û´.Û¶,"Û²,Û±Û¶Û¶",Û²Û± Ù…Ú¯Ø§Ø¨Ø§ÛŒØª,Ø¨Ø±Ù†Ø§Ù…Ù‡ Ø§Ù†Ø¯Ø±ÙˆÛŒØ¯ÛŒ,ØµÙˆØª Ùˆ Ù…ÙˆØ³ÛŒÙ‚ÛŒ
Ú©ÛŒÙ‡Ø§Ù† Ø¨Ú†Ù‡ Ù‡Ø§,https://myket.ir/dl?packageName=com.dabestaniha.mahak.kayhan,https://myket.ir/app-icon/com.dabestaniha.mahak.kayhan_2398805a-0204-4a9e-a7a3-c6dcc4db04da.png,Ø¨Ø±Ø§ÛŒ Ø¨Ú†Ù‡ Ù‡Ø§ÛŒ Ù‚Ø¯ÛŒÙ… Ùˆ Ø¬Ø¯ÛŒØ¯,Û².Û¸.Û¶,Û±Û´Û°Û³/Û°Û´/Û±Û´,Û³ Ù‡Ø²Ø§Ø±,Û´.Û¶,Û²Û±,Û³Û° Ù…Ú¯Ø§Ø¨Ø§ÛŒØª,Ø¨Ø±Ù†Ø§Ù…Ù‡ Ø§Ù†Ø¯Ø±ÙˆÛŒØ¯ÛŒ,Ú©ØªØ§Ø¨
Ø¬ØºØ¯ Ø¹Ø±ÙˆØ³Ú©ÛŒ,https://myket.ir/dl?packageName=ir.whitepengroup.kids.mahtabanstories.tarsidam,https://myket.ir/app-icon/ir.whitepengroup.kids.mahtabanstories.tarsidam_a3368efa-de9a-494b-a7c9-1ee59db53e0e.png,Ø¢Ù…ÙˆØ²Ø´ Ù…Ù‡Ø§Ø±Øª Ù‡Ø§ÛŒ Ø±ÙØªØ§Ø±ÛŒ,Û±.Û±.Û±,Û±Û´Û°Û³/Û°Û¶/Û³Û°,Û²Û² Ù‡Ø²Ø§Ø±,Û´,Û³Û·,Û±Û´ Ù…Ú¯Ø§Ø¨Ø§ÛŒØª,Ø¨Ø§Ø²ÛŒ Ø§Ù†Ø¯Ø±ÙˆÛŒØ¯ÛŒ,Ú©ÙˆØ¯Ú©
Ù¾ÙˆÚ©Ùˆ (Ø³Ø±Ø²Ù…ÛŒÙ† Ú©ØªØ§Ø¨â€ŒÙ‡Ø§ÛŒ Ø§Ù†ÛŒÙ…ÛŒØ´Ù†ÛŒ),https://myket.ir/dl?packageName=app.pocobook.hm,https://myket.ir/app-icon/app.pocobook.hm_4ecc1f66-fda9-4498-823b-f38fdeafe010.png,,Û±.Û±.Û¸,Û±Û´Û°Û°/Û°Û¹/Û±Û´,Ûµ Ù‡Ø²Ø§Ø±,Û³.Û¹,Û·Û²,Û³Û· Ù…Ú¯Ø§Ø¨Ø§ÛŒØª,Ø¨Ø§Ø²ÛŒ Ø§Ù†Ø¯Ø±ÙˆÛŒØ¯ÛŒ,Ú©ÙˆØ¯Ú©
ÙØ±Ø§Ú©ØªØ§Ø¨ - Ø¯Ø§Ù†Ù„ÙˆØ¯ Ú©ØªØ§Ø¨ - Ø®Ø±ÛŒØ¯ Ú©ØªØ§Ø¨,https://myket.ir/dl?packageName=ir.faraketab.player,https://myket.ir/app-icon/3262fdbd-25d1-45a2-9fe9-816f7eb8b436.png,Ú©ØªØ§Ø¨ Ú†Ø§Ù¾ÛŒØŒpdf |Ø¯Ø§Ù†Ù„ÙˆØ¯ØŒØ®Ø±ÛŒØ¯,Û·.Û².Û´,Û±Û´Û°Û³/Û°Û¹/Û°Û·,Û²Û°Û° Ù‡Ø²Ø§Ø±,Û´.Ûµ,"Û±,Û¹ÛµÛ°",Û²Û² Ù…Ú¯Ø§Ø¨Ø§ÛŒØª,Ø¨Ø±Ù†Ø§Ù…Ù‡ Ø§Ù†Ø¯Ø±ÙˆÛŒØ¯ÛŒ,Ú©ØªØ§Ø¨
Ù‚ØµÙ‡ Ù‡Ø§ÛŒ ØµÙˆØªÛŒ Ù¾Ø±Ù†Ø¯Ù‡,https://myket.ir/dl?packageName=ir.kidzyland.story,https://myket.ir/app-icon/ir.kidzyland.story_8db6ab64-9083-4e10-ac57-f47245e35b08.png,Ù‚ØµÙ‡ Ù‡Ø§ÛŒ Ú©ÙˆØ¯Ú©Ø§Ù†Ù‡ ØµÙˆØªÛŒ Ù¾Ø±Ù†Ø¯Ù‡,Parandeh.Û³.Ûµ.Û±.myket,Û±Û´Û°Û³/Û°Û¸/Û²Û²,Û²Û°Û° Ù‡Ø²Ø§Ø±,Û´.Û²,Û²Û´Û³,Û±Ûµ Ù…Ú¯Ø§Ø¨Ø§ÛŒØª,Ø¨Ø±Ù†Ø§Ù…Ù‡ Ø§Ù†Ø¯Ø±ÙˆÛŒØ¯ÛŒ,ØµÙˆØª Ùˆ Ù…ÙˆØ³ÛŒÙ‚ÛŒ
Quran Stories 4 Kids~ Prophets,https://myket.ir/dl?packageName=com.mehadgamesstudio.quran_stories,https://myket.ir/app-icon/com.mehadgamesstudio.quran_stories_42aca0ad-8da0-4a3c-a39d-faa40c3efc9c.png,,Û·.Û¸,Û±Û´Û°Û³/Û°Û·/Û°Û¹,Û² Ù‡Ø²Ø§Ø±,Û´.Û´,Û²Û±,Û±Û±Û· Ù…Ú¯Ø§Ø¨Ø§ÛŒØª,Ø¨Ø§Ø²ÛŒ Ø§Ù†Ø¯Ø±ÙˆÛŒØ¯ÛŒ,Ú©ÙˆØ¯Ú©
Baby Panda's Home Stories,https://myket.ir/dl?packageName=com.sinyee.babybus.familyday,https://myket.ir/app-icon/com.sinyee.babybus.familyday_5748e149-8bab-4e9a-8fe5-3c34bf38bd49.png,,Û¸.Û·Û±.Û°Û°.Û°Û°,Û±Û´Û°Û³/Û°Û¹/Û°Û·,Û±Û´ Ù‡Ø²Ø§Ø±,Û³.Û¹,Û²Û´,ÛµÛ² Ù…Ú¯Ø§Ø¨Ø§ÛŒØª,Ø¨Ø§Ø²ÛŒ Ø§Ù†Ø¯Ø±ÙˆÛŒØ¯ÛŒ,Ú©ÙˆØ¯Ú©
ğŸ€ Ú©ØªØ§Ø¨ Ø¯Ø§Ø³ØªØ§Ù† Ùˆ ØªØ±Ø§Ù†Ù‡ ğŸ€,https://myket.ir/dl?packageName=com.picdastan.ini,https://myket.ir/app-icon/3e36cced-c773-451b-810f-8e0dbe838827.png,,vÛ³Û°.Û°,Û±Û´Û°Û³/Û°Û³/Û±Û±,Û²Û°Û° Ù‡Ø²Ø§Ø±,Û´.Û·,"Û±,Û·Û¹Û±",Û±Û´Û° Ù…Ú¯Ø§Ø¨Ø§ÛŒØª,Ø¨Ø±Ù†Ø§Ù…Ù‡ Ø§Ù†Ø¯Ø±ÙˆÛŒØ¯ÛŒ,Ø³Ø±Ú¯Ø±Ù…ÛŒ
Ø·Ø§Ù‚Ú†Ù‡ | Ø¯Ø§Ù†Ù„ÙˆØ¯ Ú©ØªØ§Ø¨ ØµÙˆØªÛŒ Ùˆ Ø§Ù„Ú©ØªØ±ÙˆÙ†ÛŒÚ©,https://myket.ir/dl?packageName=ir.mservices.mybook,https://myket.ir/app-icon/c0bf2254-a822-497c-a261-e18a33bb901f.png,Ø¯Ø§Ù†Ù„ÙˆØ¯ Ú©ØªØ§Ø¨ ÙˆÚ©ØªØ§Ø¨ ØµÙˆØªÛŒ,Û¹.Û¸.Û°.Û±,Û±Û´Û°Û³/Û±Û°/Û°Û²,Û³ Ù…ÛŒÙ„ÛŒÙˆÙ†,Û´.Û´,"Û±Û´,ÛµÛ´Û·",ÛµÛ´ Ù…Ú¯Ø§Ø¨Ø§ÛŒØª,Ø¨Ø±Ù†Ø§Ù…Ù‡ Ø§Ù†Ø¯Ø±ÙˆÛŒØ¯ÛŒ,Ú©ØªØ§Ø¨
Ù‚ØµÙ‡ Ùˆ ØªØ±Ø§Ù†Ù‡ Ø´Ø§Ø¯ Ú©ÙˆØ¯Ú©Ø§Ù†Ù‡,https://myket.ir/dl?packageName=com.farad.entertainment.storymusic,https://myket.ir/app-icon/com.farad.entertainment.storymusic_fe120d2b-2f50-41ad-8c18-ed3a0afdfc9b.png,,Û´.Û¸,Û±Û´Û°Û³/Û°Ûµ/Û°Û´,Û¸Û° Ù‡Ø²Ø§Ø±,Û´.Û¶,ÛµÛ´Û¹,Û¶Û³ Ù…Ú¯Ø§Ø¨Ø§ÛŒØª,Ø¨Ø±Ù†Ø§Ù…Ù‡ Ø§Ù†Ø¯Ø±ÙˆÛŒØ¯ÛŒ,Ø³Ø±Ú¯Ø±Ù…ÛŒ
ØªØ±Ø§Ù†Ù‡ Ù‡Ø§ÛŒ Ù„Ø§Ù„Ø§ÛŒÛŒ Ù†Ø§Ø² Ùˆ Ø¢Ø±Ø§Ù… Ú©ÙˆØ¯Ú©Ø§Ù†Ù‡,https://myket.ir/dl?packageName=com.farad.entertainment.kids_lalaei,https://myket.ir/app-icon/com.farad.entertainment.kids_lalaei_b736a99f-ff85-4006-a24a-03f99be11a9d.png,,Û´.Û´,Û±Û´Û°Û³/Û°Û¶/Û²Û³,Û²Û°Û° Ù‡Ø²Ø§Ø±,Û´.Û¶,Û¹Û³Û°,Û²Û¶ Ù…Ú¯Ø§Ø¨Ø§ÛŒØª,Ø¨Ø±Ù†Ø§Ù…Ù‡ Ø§Ù†Ø¯Ø±ÙˆÛŒØ¯ÛŒ,Ø³Ø±Ú¯Ø±Ù…ÛŒ
ØªØ±Ø§Ù†Ù‡ Ù‡Ø§ÛŒ Ø´Ø§Ø¯ Ú©ÙˆØ¯Ú©Ø§Ù†Ù‡ Ø³Ø±ÛŒ 2 2024,https://myket.ir/dl?packageName=com.seed.kidsongs2,https://myket.ir/app-icon/2f544c59-1a3d-4316-b282-b13c242a1bbd.png,Ø´Ø§Ø¯ Ùˆ Ø³Ø±Ú¯Ø±Ù… Ú©Ù†Ù†Ø¯Ù‡ Ú©ÙˆØ¯Ú©,Û´Û°,Û±Û´Û°Û³/Û°Û²/Û²Û°,Û² Ù‡Ø²Ø§Ø±,Û´.Ûµ,Û±Û´,ÛµÛ´ Ù…Ú¯Ø§Ø¨Ø§ÛŒØª,Ø¨Ø±Ù†Ø§Ù…Ù‡ Ø§Ù†Ø¯Ø±ÙˆÛŒØ¯ÛŒ,ØµÙˆØª Ùˆ Ù…ÙˆØ³ÛŒÙ‚ÛŒ
